{"cameraMode":{"drawMode":0,"name":"Shaded","section":"Shading Mode"},"sceneLighting":false,"audioPlay":false,"sceneViewState":{"showFog":true,"showMaterialUpdate":false,"showSkybox":false,"showFlares":true,"showImageEffects":true,"showParticleSystems":true},"in2DMode":false,"pivot":{"x":0.07911717891693115,"y":0.11793829500675202,"z":0.20989911258220673},"rotation":{"x":0.06740497052669525,"y":-0.7475153207778931,"z":0.07673799991607666,"w":0.6564604640007019},"size":1.2124979496002198,"orthographic":false}