{"cameraMode":{"drawMode":0,"name":"Shaded","section":"Shading Mode"},"sceneLighting":false,"audioPlay":false,"sceneViewState":{"showFog":true,"showMaterialUpdate":false,"showSkybox":false,"showFlares":true,"showImageEffects":true,"showParticleSystems":true},"in2DMode":false,"pivot":{"x":-1.0282350778579713,"y":2.449531078338623,"z":-0.29009222984313967},"rotation":{"x":0.2638055682182312,"y":-0.7184533476829529,"z":0.5392276644706726,"w":0.3516348898410797},"size":10.044963836669922,"orthographic":false}