{"cameraMode":{"drawMode":0,"name":"Shaded","section":"Shading Mode"},"sceneLighting":true,"audioPlay":false,"sceneViewState":{"showFog":true,"showMaterialUpdate":false,"showSkybox":true,"showFlares":true,"showImageEffects":true,"showParticleSystems":true},"in2DMode":false,"pivot":{"x":0.48009398579597475,"y":3.9838645458221437,"z":5.135862827301025},"rotation":{"x":-0.06306765228509903,"y":0.9321284294128418,"z":-0.2963370382785797,"w":-0.1983826756477356},"size":6.918739318847656,"orthographic":false}