{"cameraMode":{"drawMode":0,"name":"Shaded","section":"Shading Mode"},"sceneLighting":false,"audioPlay":false,"sceneViewState":{"showFog":true,"showMaterialUpdate":false,"showSkybox":false,"showFlares":true,"showImageEffects":true,"showParticleSystems":true},"in2DMode":false,"pivot":{"x":5.07080078125,"y":2.711550712585449,"z":2.5795724391937258},"rotation":{"x":0.05361751839518547,"y":-0.9155461192131043,"z":0.13024602830410005,"w":0.3769850730895996},"size":4.8698344230651859,"orthographic":false}