{"cameraMode":{"drawMode":0,"name":"Shaded","section":"Shading Mode"},"sceneLighting":false,"audioPlay":false,"sceneViewState":{"showFog":true,"showMaterialUpdate":false,"showSkybox":false,"showFlares":true,"showImageEffects":true,"showParticleSystems":true},"in2DMode":false,"pivot":{"x":-0.263874351978302,"y":-0.17324252426624299,"z":-0.015967218205332757},"rotation":{"x":-0.2810625731945038,"y":0.4396958649158478,"z":-0.14713509380817414,"w":-0.8403059244155884},"size":1.2124979496002198,"orthographic":false}