{"cameraMode":{"drawMode":0,"name":"Shaded","section":"Shading Mode"},"sceneLighting":false,"audioPlay":false,"sceneViewState":{"showFog":true,"showMaterialUpdate":false,"showSkybox":false,"showFlares":true,"showImageEffects":true,"showParticleSystems":true},"in2DMode":false,"pivot":{"x":-1.3129966259002686,"y":-8.627312660217286,"z":-118.7957992553711},"rotation":{"x":-0.00006675061740679666,"y":-0.9985491037368774,"z":0.05428386852145195,"w":-0.0008899196982383728},"size":153.07513427734376,"orthographic":false}