{"cameraMode":{"drawMode":0,"name":"Shaded","section":"Shading Mode"},"sceneLighting":false,"audioPlay":false,"sceneViewState":{"showFog":true,"showMaterialUpdate":false,"showSkybox":false,"showFlares":true,"showImageEffects":true,"showParticleSystems":true},"in2DMode":false,"pivot":{"x":-0.12324118614196778,"y":-0.20936989784240724,"z":-0.6067533493041992},"rotation":{"x":-0.07232196629047394,"y":0.825114905834198,"z":-0.10855221003293991,"w":-0.5497147440910339},"size":5.241659164428711,"orthographic":false}