{"cameraMode":{"drawMode":0,"name":"Shaded","section":"Shading Mode"},"sceneLighting":false,"audioPlay":false,"sceneViewState":{"showFog":true,"showMaterialUpdate":false,"showSkybox":false,"showFlares":true,"showImageEffects":true,"showParticleSystems":true},"in2DMode":false,"pivot":{"x":-6.0525922775268559,"y":2.527716636657715,"z":-46.735504150390628},"rotation":{"x":-0.07893092185258866,"y":0.8539796471595764,"z":-0.13589660823345185,"w":-0.49601075053215029},"size":31.0144100189209,"orthographic":false}