{"cameraMode":{"drawMode":0,"name":"Shaded","section":"Shading Mode"},"sceneLighting":false,"audioPlay":false,"sceneViewState":{"showFog":true,"showMaterialUpdate":false,"showSkybox":false,"showFlares":true,"showImageEffects":true,"showParticleSystems":true},"in2DMode":false,"pivot":{"x":1.7323713302612305,"y":2.940423011779785,"z":2.913728713989258},"rotation":{"x":-0.05720706284046173,"y":0.9421145915985107,"z":-0.21444739401340486,"w":-0.2513282299041748},"size":29.43132972717285,"orthographic":false}