{"cameraMode":{"drawMode":0,"name":"Shaded","section":"Shading Mode"},"sceneLighting":false,"audioPlay":false,"sceneViewState":{"showFog":true,"showMaterialUpdate":false,"showSkybox":false,"showFlares":true,"showImageEffects":true,"showParticleSystems":true},"in2DMode":false,"pivot":{"x":1.6289691925048829,"y":1.0416505336761475,"z":1.1088210344314576},"rotation":{"x":-0.10429330170154572,"y":0.8225488066673279,"z":-0.1601639837026596,"w":-0.5356216430664063},"size":4.5192060470581059,"orthographic":false}