{"cameraMode":{"drawMode":0,"name":"Shaded","section":"Shading Mode"},"sceneLighting":false,"audioPlay":false,"sceneViewState":{"showFog":true,"showMaterialUpdate":false,"showSkybox":false,"showFlares":true,"showImageEffects":true,"showParticleSystems":true},"in2DMode":false,"pivot":{"x":2.1015241146087648,"y":5.70794677734375,"z":62.75764846801758},"rotation":{"x":-0.03331763669848442,"y":0.9168242812156677,"z":-0.3901258707046509,"w":-0.07830257713794708},"size":28.66107940673828,"orthographic":false}