{"cameraMode":{"drawMode":0,"name":"Shaded","section":"Shading Mode"},"sceneLighting":false,"audioPlay":false,"sceneViewState":{"showFog":true,"showMaterialUpdate":false,"showSkybox":false,"showFlares":true,"showImageEffects":true,"showParticleSystems":true},"in2DMode":false,"pivot":{"x":-0.7367124557495117,"y":1.7564454078674317,"z":0.2100086212158203},"rotation":{"x":-0.03331763669848442,"y":0.9168242812156677,"z":-0.3901258707046509,"w":-0.07830257713794708},"size":11.197779655456543,"orthographic":false}