{"cameraMode":{"drawMode":0,"name":"Shaded","section":"Shading Mode"},"sceneLighting":false,"audioPlay":false,"sceneViewState":{"showFog":true,"showMaterialUpdate":false,"showSkybox":false,"showFlares":true,"showImageEffects":true,"showParticleSystems":true},"in2DMode":false,"pivot":{"x":-5.114075660705566,"y":0.48122406005859377,"z":9.498628616333008},"rotation":{"x":-0.03331763669848442,"y":0.9168242812156677,"z":-0.3901258707046509,"w":-0.07830257713794708},"size":51.52526092529297,"orthographic":false}