{"cameraMode":{"drawMode":0,"name":"Shaded","section":"Shading Mode"},"sceneLighting":true,"audioPlay":false,"sceneViewState":{"showFog":true,"showMaterialUpdate":false,"showSkybox":true,"showFlares":true,"showImageEffects":true,"showParticleSystems":true},"in2DMode":false,"pivot":{"x":-5.851321697235107,"y":-17.55571746826172,"z":-25.894222259521486},"rotation":{"x":0.5269697904586792,"y":0.06504000723361969,"z":-0.04074752330780029,"w":0.8465518355369568},"size":39.54905700683594,"orthographic":false}