{"cameraMode":{"drawMode":0,"name":"Shaded","section":"Shading Mode"},"sceneLighting":true,"audioPlay":false,"sceneViewState":{"showFog":true,"showMaterialUpdate":false,"showSkybox":false,"showFlares":true,"showImageEffects":true,"showParticleSystems":true},"in2DMode":false,"pivot":{"x":-0.004999998956918716,"y":0.004999998956918716,"z":0.01000000536441803},"rotation":{"x":0.02334103174507618,"y":0.9392176270484924,"z":-0.3362672030925751,"w":0.06519310921430588},"size":0.5759066939353943,"orthographic":false}