{"cameraMode":{"drawMode":0,"name":"Shaded","section":"Shading Mode"},"sceneLighting":false,"audioPlay":false,"sceneViewState":{"showFog":true,"showMaterialUpdate":false,"showSkybox":false,"showFlares":true,"showImageEffects":true,"showParticleSystems":true},"in2DMode":false,"pivot":{"x":5.198076248168945,"y":3.9163951873779299,"z":2.7836427688598635},"rotation":{"x":-0.07893092185258866,"y":0.8539796471595764,"z":-0.13589660823345185,"w":-0.49601075053215029},"size":13.827766418457032,"orthographic":false}