{"cameraMode":{"drawMode":0,"name":"Shaded","section":"Shading Mode"},"sceneLighting":false,"audioPlay":false,"sceneViewState":{"showFog":true,"showMaterialUpdate":false,"showSkybox":false,"showFlares":true,"showImageEffects":true,"showParticleSystems":true},"in2DMode":false,"pivot":{"x":544.0318603515625,"y":183.26715087890626,"z":-0.31890869140625},"rotation":{"x":-0.28572878241539,"y":-0.018113786354660989,"z":0.0054082805290818218,"w":-0.958165168762207},"size":214.64073181152345,"orthographic":false}