{"cameraMode":{"drawMode":0,"name":"Shaded","section":"Shading Mode"},"sceneLighting":false,"audioPlay":false,"sceneViewState":{"showFog":true,"showMaterialUpdate":false,"showSkybox":false,"showFlares":true,"showImageEffects":true,"showParticleSystems":true},"in2DMode":false,"pivot":{"x":2.358485221862793,"y":5.695908546447754,"z":0.17169654369354249},"rotation":{"x":-0.034399669617414477,"y":0.9511210322380066,"z":-0.11498463898897171,"w":-0.2845509648323059},"size":54.61579132080078,"orthographic":false}