{"cameraMode":{"drawMode":0,"name":"Shaded","section":"Shading Mode"},"sceneLighting":true,"audioPlay":false,"sceneViewState":{"showFog":true,"showMaterialUpdate":false,"showSkybox":false,"showFlares":true,"showImageEffects":true,"showParticleSystems":true},"in2DMode":false,"pivot":{"x":-0.004999998956918716,"y":0.004999998956918716,"z":0.01000000536441803},"rotation":{"x":0.09025777131319046,"y":0.8907920718193054,"z":-0.20276473462581635,"w":0.3965228497982025},"size":2.07590651512146,"orthographic":false}