{"cameraMode":{"drawMode":0,"name":"Shaded","section":"Shading Mode"},"sceneLighting":true,"audioPlay":false,"sceneViewState":{"showFog":true,"showMaterialUpdate":false,"showSkybox":false,"showFlares":true,"showImageEffects":true,"showParticleSystems":true},"in2DMode":false,"pivot":{"x":0.04737436771392822,"y":0.01785331964492798,"z":-0.3523213267326355},"rotation":{"x":0.05585992708802223,"y":0.8277091979980469,"z":-0.08372224122285843,"w":0.5521574020385742},"size":1.4954841136932374,"orthographic":false}