{"cameraMode":{"drawMode":0,"name":"Shaded","section":"Shading Mode"},"sceneLighting":true,"audioPlay":false,"sceneViewState":{"showFog":true,"showMaterialUpdate":false,"showSkybox":true,"showFlares":true,"showImageEffects":true,"showParticleSystems":true},"in2DMode":false,"pivot":{"x":3.3470027446746828,"y":4.482771396636963,"z":-0.5843360424041748},"rotation":{"x":0.4416520297527313,"y":-0.4098518192768097,"z":0.23755811154842378,"w":0.7619416117668152},"size":7.031572341918945,"orthographic":false}