{"cameraMode":{"drawMode":0,"name":"Shaded","section":"Shading Mode"},"sceneLighting":false,"audioPlay":false,"sceneViewState":{"showFog":true,"showMaterialUpdate":false,"showSkybox":false,"showFlares":true,"showImageEffects":true,"showParticleSystems":true},"in2DMode":false,"pivot":{"x":5.338767051696777,"y":23.465065002441408,"z":2.040198564529419},"rotation":{"x":-0.339756578207016,"y":0.6598135828971863,"z":-0.4590088725090027,"w":-0.48839426040649416},"size":0.000056288896303158253,"orthographic":false}