{"cameraMode":{"drawMode":0,"name":"Shaded","section":"Shading Mode"},"sceneLighting":false,"audioPlay":false,"sceneViewState":{"showFog":true,"showMaterialUpdate":false,"showSkybox":false,"showFlares":true,"showImageEffects":true,"showParticleSystems":true},"in2DMode":false,"pivot":{"x":-0.4456799030303955,"y":2.9019970893859865,"z":-19.847946166992189},"rotation":{"x":0.32991477847099306,"y":0.26694828271865847,"z":-0.09807177633047104,"w":0.9003276228904724},"size":6.324294090270996,"orthographic":false}