{"cameraMode":{"drawMode":0,"name":"Shaded","section":"Shading Mode"},"sceneLighting":false,"audioPlay":false,"sceneViewState":{"showFog":true,"showMaterialUpdate":false,"showSkybox":false,"showFlares":true,"showImageEffects":true,"showParticleSystems":true},"in2DMode":false,"pivot":{"x":428.6166076660156,"y":225.475341796875,"z":23.584915161132814},"rotation":{"x":-0.1457047313451767,"y":-0.14723937213420869,"z":0.02209334820508957,"w":-0.9781466722488403},"size":49.93806457519531,"orthographic":false}