{"cameraMode":{"drawMode":0,"name":"Shaded","section":"Shading Mode"},"sceneLighting":false,"audioPlay":false,"sceneViewState":{"showFog":true,"showMaterialUpdate":false,"showSkybox":false,"showFlares":true,"showImageEffects":true,"showParticleSystems":true},"in2DMode":false,"pivot":{"x":11.439885139465332,"y":28.025854110717775,"z":13.77597427368164},"rotation":{"x":-0.08713812381029129,"y":0.8986822962760925,"z":-0.3760533928871155,"w":-0.20824013650417329},"size":10.715578079223633,"orthographic":false}