{"cameraMode":{"drawMode":0,"name":"Shaded","section":"Shading Mode"},"sceneLighting":false,"audioPlay":false,"sceneViewState":{"showFog":true,"showMaterialUpdate":false,"showSkybox":false,"showFlares":true,"showImageEffects":true,"showParticleSystems":true},"in2DMode":false,"pivot":{"x":0.836164653301239,"y":1.1912753582000733,"z":4.989946365356445},"rotation":{"x":0.12182485312223435,"y":-0.13683341443538667,"z":0.017022544518113138,"w":0.982992947101593},"size":8.406769752502442,"orthographic":false}