{"cameraMode":{"drawMode":0,"name":"Shaded","section":"Shading Mode"},"sceneLighting":false,"audioPlay":false,"sceneViewState":{"showFog":true,"showMaterialUpdate":false,"showSkybox":false,"showFlares":true,"showImageEffects":true,"showParticleSystems":true},"in2DMode":false,"pivot":{"x":2.3422553539276125,"y":1.0987645387649537,"z":-44.28741455078125},"rotation":{"x":-0.004641443956643343,"y":-0.9757767915725708,"z":0.021399378776550294,"w":-0.21806852519512177},"size":3.9771504402160646,"orthographic":false}