{"cameraMode":{"drawMode":0,"name":"Shaded","section":"Shading Mode"},"sceneLighting":true,"audioPlay":false,"sceneViewState":{"showFog":true,"showMaterialUpdate":false,"showSkybox":false,"showFlares":true,"showImageEffects":true,"showParticleSystems":true},"in2DMode":false,"pivot":{"x":214.1375274658203,"y":-83.5793228149414,"z":59.884368896484378},"rotation":{"x":0.14344488084316255,"y":0.5937842130661011,"z":-0.10861102491617203,"w":0.7843299508094788},"size":245.66722106933595,"orthographic":false}