{"cameraMode":{"drawMode":0,"name":"Shaded","section":"Shading Mode"},"sceneLighting":false,"audioPlay":false,"sceneViewState":{"showFog":true,"showMaterialUpdate":false,"showSkybox":false,"showFlares":true,"showImageEffects":true,"showParticleSystems":true},"in2DMode":false,"pivot":{"x":0.09848928451538086,"y":1.774017333984375,"z":-1.7658500671386719},"rotation":{"x":-0.09350533038377762,"y":0.817990779876709,"z":-0.1389906108379364,"w":-0.550300121307373},"size":30.18958854675293,"orthographic":false}