{"cameraMode":{"drawMode":0,"name":"Shaded","section":"Shading Mode"},"sceneLighting":true,"audioPlay":false,"sceneViewState":{"showFog":true,"showMaterialUpdate":false,"showSkybox":false,"showFlares":true,"showImageEffects":true,"showParticleSystems":true},"in2DMode":false,"pivot":{"x":-0.004999998956918716,"y":0.004999998956918716,"z":0.000999998301267624},"rotation":{"x":0.17297768592834474,"y":-0.23197586834430695,"z":0.041504546999931338,"w":0.9564824104309082},"size":0.6383880376815796,"orthographic":false}