{"cameraMode":{"drawMode":0,"name":"Shaded","section":"Shading Mode"},"sceneLighting":false,"audioPlay":false,"sceneViewState":{"showFog":true,"showMaterialUpdate":false,"showSkybox":false,"showFlares":true,"showImageEffects":true,"showParticleSystems":true},"in2DMode":false,"pivot":{"x":-0.8766345977783203,"y":0.9739859104156494,"z":62.80630111694336},"rotation":{"x":0.09977451711893082,"y":-0.8916608691215515,"z":0.23834474384784699,"w":0.3721272349357605},"size":43.38878631591797,"orthographic":false}