{"cameraMode":{"drawMode":0,"name":"Shaded","section":"Shading Mode"},"sceneLighting":false,"audioPlay":false,"sceneViewState":{"showFog":true,"showMaterialUpdate":false,"showSkybox":false,"showFlares":true,"showImageEffects":true,"showParticleSystems":true},"in2DMode":false,"pivot":{"x":-1.9006800651550294,"y":2.5799999237060549,"z":4.910923957824707},"rotation":{"x":0.09977451711893082,"y":-0.8916608691215515,"z":0.23834474384784699,"w":0.3721272349357605},"size":14.582419395446778,"orthographic":false}