{"cameraMode":{"drawMode":0,"name":"Shaded","section":"Shading Mode"},"sceneLighting":true,"audioPlay":false,"sceneViewState":{"showFog":true,"showMaterialUpdate":false,"showSkybox":false,"showFlares":true,"showImageEffects":true,"showParticleSystems":true},"in2DMode":false,"pivot":{"x":-0.40855705738067629,"y":0.31084495782852175,"z":0.5573776960372925},"rotation":{"x":-0.2167365700006485,"y":-0.6836358308792114,"z":0.22459810972213746,"w":-0.6598399877548218},"size":1.4394285678863526,"orthographic":false}