{"cameraMode":{"drawMode":0,"name":"Shaded","section":"Shading Mode"},"sceneLighting":false,"audioPlay":false,"sceneViewState":{"showFog":true,"showMaterialUpdate":false,"showSkybox":false,"showFlares":true,"showImageEffects":true,"showParticleSystems":true},"in2DMode":false,"pivot":{"x":-38.1491584777832,"y":-15.58266544342041,"z":50.15126419067383},"rotation":{"x":0.12390093505382538,"y":-0.32266977429389956,"z":0.04262455925345421,"w":0.9374569058418274},"size":74.66265869140625,"orthographic":false}