{"cameraMode":{"drawMode":0,"name":"Shaded","section":"Shading Mode"},"sceneLighting":true,"audioPlay":false,"sceneViewState":{"showFog":true,"showMaterialUpdate":false,"showSkybox":true,"showFlares":true,"showImageEffects":true,"showParticleSystems":true},"in2DMode":false,"pivot":{"x":15.837058067321778,"y":12.648794174194336,"z":0.4355201721191406},"rotation":{"x":-0.31308117508888247,"y":-0.23786254227161408,"z":0.0814676433801651,"w":-0.9159619808197022},"size":9.179787635803223,"orthographic":false}