{"cameraMode":{"drawMode":0,"name":"Shaded","section":"Shading Mode"},"sceneLighting":true,"audioPlay":false,"sceneViewState":{"showFog":true,"showMaterialUpdate":false,"showSkybox":true,"showFlares":true,"showImageEffects":true,"showParticleSystems":true},"in2DMode":false,"pivot":{"x":0.9350147247314453,"y":0.5311460494995117,"z":-1.2464523315429688},"rotation":{"x":0.3012506663799286,"y":-0.2574591040611267,"z":0.08482766151428223,"w":0.9142143130302429},"size":21.073713302612306,"orthographic":false}