{"cameraMode":{"drawMode":0,"name":"Shaded","section":"Shading Mode"},"sceneLighting":false,"audioPlay":false,"sceneViewState":{"showFog":true,"showMaterialUpdate":false,"showSkybox":false,"showFlares":true,"showImageEffects":true,"showParticleSystems":true},"in2DMode":false,"pivot":{"x":-0.5099730491638184,"y":2.569999933242798,"z":-20.12803077697754},"rotation":{"x":0.09977451711893082,"y":-0.8916608691215515,"z":0.23834474384784699,"w":0.3721272349357605},"size":7.210560321807861,"orthographic":false}