{"cameraMode":{"drawMode":0,"name":"Shaded","section":"Shading Mode"},"sceneLighting":false,"audioPlay":false,"sceneViewState":{"showFog":true,"showMaterialUpdate":false,"showSkybox":false,"showFlares":true,"showImageEffects":true,"showParticleSystems":true},"in2DMode":false,"pivot":{"x":-3.9514219760894777,"y":-15.969548225402832,"z":2.8812084197998049},"rotation":{"x":-0.09350533038377762,"y":0.817990779876709,"z":-0.1389906108379364,"w":-0.550300121307373},"size":95.25835418701172,"orthographic":false}