{"cameraMode":{"drawMode":0,"name":"Shaded","section":"Shading Mode"},"sceneLighting":false,"audioPlay":false,"sceneViewState":{"showFog":true,"showMaterialUpdate":false,"showSkybox":false,"showFlares":true,"showImageEffects":true,"showParticleSystems":true},"in2DMode":false,"pivot":{"x":16.173995971679689,"y":11.335091590881348,"z":9.874363899230957},"rotation":{"x":-0.08387323468923569,"y":0.9075083136558533,"z":-0.21805638074874879,"w":-0.3490680754184723},"size":0.8922879099845886,"orthographic":false}