{"cameraMode":{"drawMode":0,"name":"Shaded","section":"Shading Mode"},"sceneLighting":false,"audioPlay":false,"sceneViewState":{"showFog":true,"showMaterialUpdate":false,"showSkybox":false,"showFlares":true,"showImageEffects":true,"showParticleSystems":true},"in2DMode":false,"pivot":{"x":0.8277126550674439,"y":15.564884185791016,"z":2.24161434173584},"rotation":{"x":-0.029392344877123834,"y":-0.01408783346414566,"z":0.0004290896176826209,"w":-0.9995152950286865},"size":22.0,"orthographic":false}