{"cameraMode":{"drawMode":0,"name":"Shaded","section":"Shading Mode"},"sceneLighting":true,"audioPlay":false,"sceneViewState":{"showFog":true,"showMaterialUpdate":false,"showSkybox":false,"showFlares":true,"showImageEffects":true,"showParticleSystems":true},"in2DMode":false,"pivot":{"x":10.616439819335938,"y":4.9752607345581059,"z":-14.67060661315918},"rotation":{"x":0.09393125027418137,"y":0.8518988490104675,"z":-0.1637430191040039,"w":0.4886549413204193},"size":7.177786827087402,"orthographic":false}