{"cameraMode":{"drawMode":0,"name":"Shaded","section":"Shading Mode"},"sceneLighting":true,"audioPlay":false,"sceneViewState":{"showFog":true,"showMaterialUpdate":false,"showSkybox":true,"showFlares":true,"showImageEffects":true,"showParticleSystems":true},"in2DMode":false,"pivot":{"x":11.692817687988282,"y":-11.979671478271485,"z":-10.093013763427735},"rotation":{"x":0.29449886083602908,"y":0.657685399055481,"z":-0.3130950331687927,"w":0.6186224222183228},"size":23.775543212890626,"orthographic":false}