{"cameraMode":{"drawMode":0,"name":"Shaded","section":"Shading Mode"},"sceneLighting":true,"audioPlay":false,"sceneViewState":{"showFog":true,"showMaterialUpdate":false,"showSkybox":true,"showFlares":true,"showImageEffects":true,"showParticleSystems":true},"in2DMode":false,"pivot":{"x":108.05693054199219,"y":3.4320356845855715,"z":31.66925811767578},"rotation":{"x":0.0016412832774221898,"y":0.4214057922363281,"z":-0.0007620857213623822,"w":0.906872570514679},"size":39.4784049987793,"orthographic":false}