{"cameraMode":{"drawMode":0,"name":"Shaded","section":"Shading Mode"},"sceneLighting":true,"audioPlay":false,"sceneViewState":{"showFog":true,"showMaterialUpdate":false,"showSkybox":true,"showFlares":true,"showImageEffects":true,"showParticleSystems":true},"in2DMode":false,"pivot":{"x":1.0060620307922364,"y":0.8230903744697571,"z":0.5100836157798767},"rotation":{"x":0.005901229102164507,"y":0.994016706943512,"z":-0.0705062672495842,"w":0.08368273824453354},"size":4.550540924072266,"orthographic":false}