{"cameraMode":{"drawMode":0,"name":"Shaded","section":"Shading Mode"},"sceneLighting":false,"audioPlay":false,"sceneViewState":{"showFog":true,"showMaterialUpdate":false,"showSkybox":false,"showFlares":true,"showImageEffects":true,"showParticleSystems":true},"in2DMode":false,"pivot":{"x":0.9764456748962402,"y":-0.3257717788219452,"z":-6.344543933868408},"rotation":{"x":-0.0021242911461740734,"y":-0.9924646019935608,"z":0.1176186352968216,"w":-0.03914405032992363},"size":9.344463348388672,"orthographic":false}