{"cameraMode":{"drawMode":0,"name":"Shaded","section":"Shading Mode"},"sceneLighting":true,"audioPlay":false,"sceneViewState":{"showFog":true,"showMaterialUpdate":false,"showSkybox":true,"showFlares":true,"showImageEffects":true,"showParticleSystems":true},"in2DMode":false,"pivot":{"x":3.0602869987487795,"y":1.578786849975586,"z":-9.817012786865235},"rotation":{"x":-0.08042187988758087,"y":-0.664273202419281,"z":0.07224103063344956,"w":-0.7397010922431946},"size":1.0328903198242188,"orthographic":false}