{"cameraMode":{"drawMode":0,"name":"Shaded","section":"Shading Mode"},"sceneLighting":false,"audioPlay":false,"sceneViewState":{"showFog":true,"showMaterialUpdate":false,"showSkybox":false,"showFlares":true,"showImageEffects":true,"showParticleSystems":true},"in2DMode":false,"pivot":{"x":0.5550508499145508,"y":1.1632219552993775,"z":-1.2701911926269532},"rotation":{"x":0.0026493326295167209,"y":-1.0000356435775757,"z":0.0143430819734931,"w":0.008838425390422345},"size":3.7005350589752199,"orthographic":false}