{"cameraMode":{"drawMode":0,"name":"Shaded","section":"Shading Mode"},"sceneLighting":true,"audioPlay":false,"sceneViewState":{"showFog":true,"showMaterialUpdate":false,"showSkybox":true,"showFlares":true,"showImageEffects":true,"showParticleSystems":true},"in2DMode":false,"pivot":{"x":59.21047592163086,"y":30.170604705810548,"z":-57.33740234375},"rotation":{"x":0.0848369300365448,"y":-0.90675950050354,"z":0.23396487534046174,"w":0.34143751859664919},"size":3.5422770977020265,"orthographic":false}