{"cameraMode":{"drawMode":0,"name":"Shaded","section":"Shading Mode"},"sceneLighting":true,"audioPlay":false,"sceneViewState":{"showFog":true,"showMaterialUpdate":false,"showSkybox":true,"showFlares":true,"showImageEffects":true,"showParticleSystems":true},"in2DMode":false,"pivot":{"x":45.8375129699707,"y":35.068695068359378,"z":-15.08089542388916},"rotation":{"x":0.12805424630641938,"y":-0.7713627219200134,"z":0.16942492127418519,"w":0.6005224585533142},"size":3.5422770977020265,"orthographic":false}