{"cameraMode":{"drawMode":0,"name":"Shaded","section":"Shading Mode"},"sceneLighting":true,"audioPlay":false,"sceneViewState":{"showFog":true,"showMaterialUpdate":false,"showSkybox":true,"showFlares":true,"showImageEffects":true,"showParticleSystems":true},"in2DMode":false,"pivot":{"x":1.39768385887146,"y":1.253730058670044,"z":-0.2576848268508911},"rotation":{"x":-0.12748023867607118,"y":0.2107250839471817,"z":-0.027665264904499055,"w":-0.968885064125061},"size":5.339171886444092,"orthographic":false}