{"cameraMode":{"drawMode":0,"name":"Shaded","section":"Shading Mode"},"sceneLighting":true,"audioPlay":false,"sceneViewState":{"showFog":true,"showMaterialUpdate":false,"showSkybox":false,"showFlares":true,"showImageEffects":true,"showParticleSystems":true},"in2DMode":false,"pivot":{"x":-0.08117353916168213,"y":0.23217374086380006,"z":0.2959516644477844},"rotation":{"x":-0.12027989327907562,"y":0.3805682361125946,"z":-0.05056839436292648,"w":-0.9158366918563843},"size":5.995484828948975,"orthographic":false}