{"cameraMode":{"drawMode":0,"name":"Shaded","section":"Shading Mode"},"sceneLighting":true,"audioPlay":false,"sceneViewState":{"showFog":true,"showMaterialUpdate":false,"showSkybox":true,"showFlares":true,"showImageEffects":true,"showParticleSystems":true},"in2DMode":false,"pivot":{"x":4.218560695648193,"y":-2.7380099296569826,"z":-3.8425936698913576},"rotation":{"x":-0.11765845865011215,"y":-0.8809371590614319,"z":0.2777835726737976,"w":-0.3657526969909668},"size":9.664417266845704,"orthographic":false}